{
  "feed_post_cards_list": [
    {
      "id": 0,
      "title": "Ran 48km today!",
      "user": "Oscar_68",
      "likes": 1,
      "description": "I did it!!! After 1 year of running, I got a new personal record of 43km in a day!",
      "img_path": "https://i.imgur.com/cK55z07.png",
      "my_like": 0,
      "type": "Achievement"
    },
    {
      "id": 1,
      "title": "Created a new plan for 'Back'.",
      "user": "Sigma_male_1",
      "likes": 7,
      "description": "BIG BACK, BIG PLAN",
      "img_path": "https://i.imgur.com/7D2qyhl.jpg",
      "my_like": 0,
      "type": "Workout"
    },
    {
      "id": 2,
      "title": "My first marathon!",
      "user": "Maria do Céu",
      "likes": 3,
      "description": "What a challenge!",
      "img_path": "https://i.imgur.com/nsVZhkt.jpg",
      "my_like": 0,
      "type": "Achievement"
    }
  ],
  "post_cards_list": [
    {
      "id": 0,
      "title": "Proper plank posture",
      "votes": 4,
      "description": "After planking, I feel a bit of pain on my shoulders and back. Can anyone explain to me what could be causing that?",
      "img_path": "https://i.imgur.com/q0GXJKu.jpeg",
      "my_vote": 0,
      "comments": [
        {
          "id": 0,
          "author": "Sigma_Male",
          "text": "Be sure you contract those glutes for stability!",
          "my_vote": 0,
          "votes": -1
        },
        {
          "id": 1,
          "author": "Ellen_Degenerate",
          "text": "Focus on the contraction of your glutes, core and back. If it still hurts, try to stand on a declined surface.",
          "my_vote": 0,
          "votes": -1
        }
      ]
    },
    {
      "id": 1,
      "title": "Why I feel like I am not getting any gains?",
      "votes": 8,
      "description": "After 2 weeks of training, I don't feel any improvements by doing my arms training plan. Any suggestions?",
      "img_path": "https://i.imgur.com/q1tAIPL.jpg",
      "my_vote": 1,
      "comments": [
        {
          "id": 0,
          "author": "Jake",
          "text": "You should be aware that improvements tend to take time to appear. I am sure you will start noticing them after 1/2 months :D.",
          "my_vote": 0,
          "votes": -1
        },
        {
          "id": 1,
          "author": "Anna",
          "text": "Can you share your training plan?",
          "my_vote": 0,
          "votes": -1
        }
      ]
    },
    {
      "id": 2,
      "title": "How to train for a marathon?",
      "votes": 3,
      "description": "It's my first marathon, but I don't know how to prepare myself for it. Can someone give me some advices?",
      "img_path": "https://i.imgur.com/Ji5S7qj.png",
      "my_vote": 0,
      "comments": []
    },
    {
      "id": 3,
      "title": "Am I doing the right diet?",
      "votes": 50,
      "description": "I am trying to lose some weight, but I am not sure if I am eating what I should...",
      "img_path": "https://i.imgur.com/EEqBUam.jpg",
      "my_vote": 0,
      "comments": []
    },
    {
      "id": 4,
      "title": "When to return lifting weights after an operation?",
      "votes": 1,
      "description": "After a back operation 2 months ago, I am recovering well. But I still experience pain when I lift something heavy.",
      "img_path": "https://i.imgur.com/Ji5S7qj.png",
      "my_vote": 1,
      "comments": [
        {
          "id": 0,
          "author": "Anna",
          "text": "You should talk to your doctor about it in order to understand how long you should wait until you are good to train again.",
          "my_vote": 0,
          "votes": 1
        }
      ]
    }
  ],
  "event_cards_list": [
    {
      "id": 0,
      "type": "Challenge",
      "title": "One punch man challenge!!!",
      "creator": "Ana",
      "isPublic": false,
      "startDate": "2021-11-30",
      "endDate": "2021-12-30",
      "rules": "Everyday you should do 100 situps, pushups, squats and a 10km run.",
      "description": "During one month, you should train everyday like Saitama from 'One Punch Man'!",
      "img_path": "https://i.imgur.com/NkEnZZ5.jpg",
      "current_user_joined": false,
      "invities": [
        {
          "name": "Ana"
        },
        {
          "name": "António"
        },
        {
          "name": "Catarina"
        },
        {
          "name": "Sigma_male_1"
        }
      ]
    },
    {
      "id": 1,
      "type": "Competition",
      "title": "Running in the 90's",
      "creator": "António",
      "isPublic": false,
      "startDate": "2021-12-21",
      "endDate": "2021-12-03",
      "rules": "",
      "description": "Running is life, running is love. Whowever beats my gramps wins!",
      "invities": "",
      "img_path": "https://i.imgur.com/4ThGlbI.jpg",
      "current_user_joined": false
    },
    {
      "id": 2,
      "type": "Meeting",
      "title": "Squad up and Run!",
      "creator": "Isabel",
      "isPublic": true,
      "startDate": "2021-12-03",
      "endDate": "2021-12-03",
      "rules": "",
      "description": "Join us in our weekly runs starting December 3rd!",
      "invities": "",
      "img_path": "https://i.imgur.com/Ji5S7qj.png",
      "current_user_joined": false
    },
    {
      "id": 3,
      "type": "Meeting",
      "title": "Community Gym",
      "creator": "Diogo",
      "isPublic": true,
      "startDate": "2021-12-01",
      "endDate": "2021-12-05",
      "rules": "",
      "description": "We bring dumbells, we bring bars. You bring the mask!",
      "invities": "",
      "img_path": "https://i.imgur.com/Ji5S7qj.png",
      "current_user_joined": false
    }
  ],
  "training_plans": [
    {
      "id": 0,
      "name": "TP_0",
      "type": "back",
      "frequency": [
        1,
        0,
        1,
        0,
        1,
        0,
        0
      ],
      "period": 30,
      "exercises": [
        {
          "id": 0,
          "no_reps_instr": "2 reps",
          "no_series": 2
        },
        {
          "id": 2,
          "no_reps_instr": "2 reps",
          "no_series": 2
        }
      ]
    },
    {
      "id": 1,
      "name": "TP_1",
      "type": "core",
      "frequency": [
        1,
        0,
        1,
        0,
        1,
        0,
        0
      ],
      "period": 30,
      "exercises": [
        {
          "id": 0,
          "no_reps_instr": "2 reps",
          "no_series": 2
        },
        {
          "id": 2,
          "no_reps_instr": "2 reps",
          "no_series": 2
        }
      ]
    },
    {
      "id": 2,
      "name": "testing_no_ex",
      "type": "back",
      "frequency": [
        1,
        0,
        1,
        0,
        1,
        0,
        0
      ],
      "period": 14,
      "exercises": []
    },
    {
      "id": 3,
      "name": "testing_add_with_ex",
      "type": "chest",
      "frequency": [
        1,
        1,
        1,
        0,
        0,
        1,
        0
      ],
      "period": 12,
      "exercises": [
        {
          "id": 0,
          "no_reps_instr": "2",
          "no_series": 2
        },
        {
          "id": 1,
          "no_reps_instr": "3",
          "no_series": 23
        },
        {
          "id": 7,
          "no_reps_instr": "qwq",
          "no_series": 21
        },
        {
          "id": 9,
          "no_reps_instr": "1",
          "no_series": 2
        },
        {
          "id": 2,
          "no_reps_instr": "",
          "no_series": 0
        }
      ]
    },
    {
      "id": 4,
      "name": "testing_add_with_ex",
      "type": "chest",
      "frequency": [
        1,
        1,
        1,
        0,
        0,
        1,
        0
      ],
      "period": 12,
      "exercises": [
        {
          "id": 0,
          "no_reps_instr": "2",
          "no_series": 2
        },
        {
          "id": 1,
          "no_reps_instr": "3",
          "no_series": 23
        },
        {
          "id": 2,
          "no_reps_instr": "",
          "no_series": 0
        },
        {
          "id": 9,
          "no_reps_instr": "",
          "no_series": 0
        },
        {
          "id": 7,
          "no_reps_instr": "",
          "no_series": 0
        }
      ]
    },
    {
      "id": 5,
      "name": "all_empty",
      "type": "back",
      "frequency": [
        0,
        0,
        0,
        0,
        0,
        0,
        0
      ],
      "period": 0,
      "exercises": []
    },
    {
      "id": 6,
      "name": "I love back",
      "type": "back",
      "frequency": [
        1,
        1,
        1,
        1,
        1,
        1,
        1
      ],
      "period": 364,
      "exercises": [
        {
          "id": 0,
          "no_reps_instr": "2 reps",
          "no_series": 2
        },
        {
          "id": 1,
          "no_reps_instr": "2 reps",
          "no_series": 2
        },
        {
          "id": 2,
          "no_reps_instr": "2 reps",
          "no_series": 2
        },
        {
          "id": 8,
          "no_reps_instr": "100 reps",
          "no_series": 100
        },
        {
          "id": 4,
          "no_reps_instr": "4 reps",
          "no_series": 4
        },
        {
          "id": 3,
          "no_reps_instr": "2 reps",
          "no_series": 2
        }
      ]
    }
  ],
  "exercise_tags_list": [
    {
      "name": "back"
    },
    {
      "name": "chest"
    },
    {
      "name": "legs"
    },
    {
      "name": "full body"
    },
    {
      "name": "push"
    },
    {
      "name": "pull"
    },
    {
      "name": "core"
    },
    {
      "name": "arms"
    }
  ],
  "exercise_list": [
    {
      "id": 0,
      "name": "Kettle Bell Swings",
      "tags": [
        "back",
        "legs"
      ]
    },
    {
      "id": 1,
      "name": "Barbell Deadlift ",
      "tags": [
        "back",
        "legs"
      ]
    },
    {
      "id": 2,
      "name": "Pull Up",
      "tags": [
        "back",
        "arms",
        "pull"
      ]
    },
    {
      "id": 3,
      "name": "Lat Pulldown",
      "tags": [
        "arms",
        "back",
        "pull"
      ]
    },
    {
      "id": 4,
      "name": "Barbell Deadlift 2",
      "tags": [
        "back",
        "legs"
      ]
    },
    {
      "id": 9,
      "name": "Leg Raises",
      "tags": [
        "core"
      ]
    },
    {
      "id": 5,
      "name": "Dips",
      "tags": [
        "arms",
        "chest",
        "core",
        "push"
      ]
    },
    {
      "id": 6,
      "name": "Push Ups",
      "tags": [
        "arms",
        "chest",
        "push"
      ]
    },
    {
      "id": 7,
      "name": "That one that no one likes",
      "tags": [
        "legs"
      ]
    },
    {
      "id": 8,
      "name": "You're a wizard harry",
      "tags": [
        "back",
        "chest",
        "full body",
        "push",
        "pull",
        "core"
      ]
    }
  ]
}